{
    "loss": 21.261348724365234,
    "accuracy": 0.7114871144294739
}