{
    "loss": 2.5725347995758057,
    "accuracy": 0.7791629433631897
}